trade_date,portfolio_return,benchmark_return,excess_return,regime,model_used
20220610,-0.006771566601917076,0.010504260787660771,-0.017275827389577846,Range,Jack_Range_Reversion
20220617,-0.0010745369126516887,0.017845288890724162,-0.01891982580337585,Range,Jack_Range_Reversion
20220624,0.00434392374227758,0.008477936319534522,-0.004134012577256942,Range,Jack_Range_Reversion
20220701,9.527524848185458e-05,-0.00595330492860328,0.006048580177085134,Bull,Jack_Bull_Momentum
20220708,-0.04624561799440115,-0.023565239798768935,-0.022680378195632213,Bull,Jack_Bull_Momentum
20220715,0.009506121600433771,0.033688056301026524,-0.024181934700592753,Range,Jack_Range_Reversion
20220722,0.0005,0.007740251339687074,-0.007240251339687073,Dark,Jack_Dark_Empty
20220729,-0.011029658453948484,-0.01910316583648524,0.008073507382536756,Range,Jack_Range_Reversion
20220805,0.0005,0.028154556118487863,-0.027654556118487862,Dark,Jack_Dark_Empty
20220812,-0.012116079562121958,0.003978025213137199,-0.016094104775259157,Range,Jack_Range_Reversion
20220819,0.002251720881067112,-0.011149528503588474,0.013401249384655586,Range,Jack_Range_Reversion
20220826,-0.02796293292588122,-0.012900906734001794,-0.015062026191879425,Range,Jack_Range_Reversion
20220902,-0.003000078037494811,0.018342103667005023,-0.021342181704499835,Range,Jack_Range_Reversion
20220909,0.0,-0.06185083711519008,0.06185083711519008,Range,Jack_Range_Reversion_Risk_Stop
20220916,-0.0104963760637353,-0.0142811446874989,0.0037847686237636007,Range,Jack_Range_Reversion
20220923,0.0005,-0.03712645998000268,0.03762645998000268,Dark,Jack_Dark_Empty
20220930,0.0005,0.041148361665886604,-0.040648361665886604,Dark,Jack_Dark_Empty
20221014,0.0005,0.0016540871757534223,-0.0011540871757534223,Bear,Jack_Bear_Empty
20221021,0.0005,-0.036003499364299266,0.036503499364299266,Dark,Jack_Dark_Empty
20221028,0.0005,0.06363407658329705,-0.06313407658329705,Dark,Jack_Dark_Empty
20221104,0.0005,0.01338953334698873,-0.01288953334698873,Dark,Jack_Dark_Empty
20221111,0.0005,0.009190717933296847,-0.008690717933296847,Dark,Jack_Dark_Empty
20221118,0.008766864033757385,-0.0055173502604636895,0.014284214294221075,Range,Jack_Range_Reversion
20221125,0.0005,0.026294383125414315,-0.025794383125414315,Dark,Jack_Dark_Empty
20221202,-0.04157995910590575,0.005765648921985762,-0.04734560802789151,Bull,Jack_Bull_Momentum
20221209,-0.0008800960427855138,-0.014171352885232495,0.013291256842446982,Range,Jack_Range_Reversion
20221216,-0.05198777684496941,-0.047924113943610486,-0.004063662901358928,Range,Jack_Range_Reversion
20221223,0.022989319319138682,0.014080789712017379,0.008908529607121303,Range,Jack_Range_Reversion
20221230,0.03264592314029977,0.027763766138665224,0.004882157001634548,Range,Jack_Range_Reversion
20230106,-0.0010738093606498884,0.0013862981431659008,-0.002460107503815789,Range,Jack_Range_Reversion
20230113,0.023159635118445803,0.02651315665710391,-0.003353521538658106,Range,Jack_Range_Reversion
20230120,-0.006156681960329188,0.024570657497631532,-0.03072733945796072,Range,Jack_Range_Reversion
20230203,0.012745159002882648,0.008440627770499835,0.004304531232382813,Bull,Jack_Bull_Momentum
20230210,0.0005,-0.009307826742348188,0.009807826742348189,Dark,Jack_Dark_Empty
20230217,-0.008491146943729364,0.019815973019065868,-0.02830711996279523,Bull,Jack_Bull_Momentum
20230224,-0.01435509412143908,0.011529923171162965,-0.025885017292602043,Bull,Jack_Bull_Momentum
20230303,-0.015648903127262356,-0.029785515514761277,0.014136612387498922,Range,Jack_Range_Reversion
20230310,-0.015859202864344554,-0.00329297632139241,-0.012566226542952143,Range,Jack_Range_Reversion
20230317,0.0005,0.009967388640354824,-0.009467388640354823,Dark,Jack_Dark_Empty
20230324,-0.01878179866785654,-0.00500471368606632,-0.01377708498179022,Range,Jack_Range_Reversion
20230331,0.023495746581721624,-0.003340526777789717,0.02683627335951134,Range,Jack_Range_Reversion
20230407,-0.006458410811833935,-0.00044445493944195435,-0.00601395587239198,Range,Jack_Range_Reversion
20230414,-0.004684993787542243,-0.026136916121070684,0.02145192233352844,Range,Jack_Range_Reversion
20230421,-0.029915970919856434,0.011799547292253026,-0.04171551821210946,Range,Jack_Range_Reversion
20230428,0.0005,0.00306251362922042,-0.00256251362922042,Dark,Jack_Dark_Empty
20230505,-0.03189726789700137,-0.007383109631268944,-0.024514158265732423,Range,Jack_Range_Reversion
20230512,-0.003737294974720415,0.002844088010572276,-0.006581382985292691,Range,Jack_Range_Reversion
20230519,0.0005,-0.0077690018660295035,0.008269001866029503,Dark,Jack_Dark_Empty
20230526,-0.0028640857343919164,0.00667290305986033,-0.009536988794252247,Range,Jack_Range_Reversion
20230602,-0.04658038642973579,-0.003653207750011665,-0.04292717867972413,Range,Jack_Range_Reversion
20230609,0.04933433711214731,0.020089988506471118,0.029244348605676193,Range,Jack_Range_Reversion
20230616,-0.0071224830797153,-0.014927734529998068,0.007805251450282768,Range,Jack_Range_Reversion
20230621,0.009969563517876458,0.021361947355059523,-0.011392383837183065,Range,Jack_Range_Reversion
20230630,0.0005,0.002673327494682701,-0.002173327494682701,Dark,Jack_Dark_Empty
20230707,0.0080722618583879,0.006595145531629291,0.0014771163267586086,Range,Jack_Range_Reversion
20230714,-0.00845086337050471,-0.007190625461106456,-0.0012602379093982537,Range,Jack_Range_Reversion
20230721,0.03847543919274693,0.02275121918030539,0.01572422001244154,Range,Jack_Range_Reversion
20230728,-0.0018070158466224036,0.007444079804223932,-0.009251095650846336,Range,Jack_Range_Reversion
20230804,0.0005787647298894499,-0.029501969259863453,0.030080733989752903,Range,Jack_Range_Reversion
20230811,-0.017549835160170356,-0.01110677187762846,-0.006443063282541897,Range,Jack_Range_Reversion
20230818,0.0005,-0.03341911520744417,0.03391911520744417,Dark,Jack_Dark_Empty
20230825,0.0005,0.03263953297989472,-0.03213953297989472,Dark,Jack_Dark_Empty
20230901,0.0005,-0.003928612944115479,0.004428612944115479,Dark,Jack_Dark_Empty
20230908,0.0102990559991657,0.0010422974998153063,0.009256758499350393,Range,Jack_Range_Reversion
20230915,0.007217443448684393,-0.0005724952345010261,0.007789938683185419,Range,Jack_Range_Reversion
20230922,0.006274286711731038,-0.006771780934117288,0.013046067645848326,Range,Jack_Range_Reversion
20230928,-0.019011280101044012,-0.013792321288668852,-0.0052189588123751594,Range,Jack_Range_Reversion
20231013,-0.03958380504358348,-0.032242941246745094,-0.007340863796838383,Range,Jack_Range_Reversion
20231020,0.0005,0.029502296794428753,-0.029002296794428752,Dark,Jack_Dark_Empty
20231027,0.0005,0.00647415615242971,-0.005974156152429711,Dark,Jack_Dark_Empty
20231103,0.0005,0.013375028459141484,-0.012875028459141484,Dark,Jack_Dark_Empty
20231110,-0.0006248015166486296,0.0169276952851022,-0.017552496801750826,Range,Jack_Range_Reversion
20231117,0.0068028985646266605,0.0017402031976001117,0.005062695367026549,Range,Jack_Range_Reversion
20231124,0.03323557449996525,0.0015221403616151122,0.031713434138350136,Bull,Jack_Bull_Momentum
20231201,0.0005,-0.020918588967856675,0.021418588967856676,Dark,Jack_Dark_Empty
20231208,-0.006809260462412323,0.00947409578075203,-0.016283356243164356,Range,Jack_Range_Reversion
20231215,0.0005,-0.027924976161835282,0.028424976161835282,Dark,Jack_Dark_Empty
20231222,0.0005,0.01899720377508184,-0.01849720377508184,Dark,Jack_Dark_Empty
20231229,0.0005,-0.027008030924563498,0.027508030924563498,Dark,Jack_Dark_Empty
20240105,-0.014993356630714424,-0.010744843129854093,-0.004248513500860331,Range,Jack_Range_Reversion
20240112,0.0005,-0.038277402659196165,0.038777402659196165,Dark,Jack_Dark_Empty
20240119,0.037754471406127074,0.012665222886768341,0.02508924851935873,Range,Jack_Range_Reversion
20240126,0.0005,-0.12874934214492392,0.12924934214492392,Dark,Jack_Dark_Empty
20240202,0.0005,0.030085970579424044,-0.029585970579424043,Dark,Jack_Dark_Empty
20240208,0.0005,0.09128378954018769,-0.09078378954018769,Dark,Jack_Dark_Empty
20240223,0.0005,0.018339603536427104,-0.017839603536427103,Dark,Jack_Dark_Empty
20240301,0.0005,0.0014135932784379375,-0.0009135932784379375,Dark,Jack_Dark_Empty
20240308,0.0005,0.03368963616185122,-0.03318963616185122,Dark,Jack_Dark_Empty
20240315,0.0005,0.009800204048399761,-0.009300204048399761,Dark,Jack_Dark_Empty
20240322,0.0005,-0.012092859308505495,0.012592859308505495,Dark,Jack_Dark_Empty
20240329,0.0005,0.012203281018327043,-0.011703281018327042,Dark,Jack_Dark_Empty
20240403,0.0005,-0.022163512098615678,0.02266351209861568,Dark,Jack_Dark_Empty
20240412,0.01514481523706555,-0.02917939666651,0.04432421190357555,Range,Jack_Range_Reversion
20240419,0.06942740449059545,0.021244740155023045,0.0481826643355724,Range,Jack_Range_Reversion
20240426,0.0005,0.03197642459310712,-0.03147642459310712,Dark,Jack_Dark_Empty
20240430,0.0005,0.026188978316501695,-0.025688978316501694,Dark,Jack_Dark_Empty
20240510,0.0005,0.003969551065041534,-0.0034695510650415338,Dark,Jack_Dark_Empty
20240517,0.0005,-0.031631218162961994,0.032131218162961994,Dark,Jack_Dark_Empty
20240524,0.0005,-0.006145174952343332,0.006645174952343331,Dark,Jack_Dark_Empty
20240531,0.0005,-0.043321387584139615,0.043821387584139615,Dark,Jack_Dark_Empty
20240607,-0.02794345824050572,-0.005089818939008866,-0.022853639301496854,Range,Jack_Range_Reversion
20240614,0.0005,-0.024000272147772662,0.024500272147772662,Dark,Jack_Dark_Empty
20240621,0.0005,-0.018652466722242717,0.019152466722242717,Bear,Jack_Bear_Empty
20240628,0.0005,-0.007298731498087839,0.00779873149808784,Bear,Jack_Bear_Empty
20240705,0.0005,0.005799405224846813,-0.005299405224846813,Dark,Jack_Dark_Empty
20240712,0.0005,-0.01480810113190279,0.01530810113190279,Dark,Jack_Dark_Empty
20240719,0.0005,-0.009657211040271894,0.010157211040271895,Dark,Jack_Dark_Empty
20240726,0.0005,0.02803196551258411,-0.02753196551258411,Dark,Jack_Dark_Empty
20240802,-0.005684365172502001,-0.011534728806582278,0.005850363634080277,Range,Jack_Range_Reversion
20240809,0.0005,-0.009946969668992648,0.010446969668992648,Dark,Jack_Dark_Empty
20240816,0.0005,-0.03627813309616999,0.03677813309616999,Dark,Jack_Dark_Empty
20240823,0.0005,0.02740339580444452,-0.026903395804444518,Dark,Jack_Dark_Empty
20240830,-0.011590176128528192,-0.01530810829175249,0.003717932163224297,Range,Jack_Range_Reversion
20240906,-0.029845024067587687,-0.018157761486406136,-0.011687262581181551,Range,Jack_Range_Reversion
20240913,0.0005,0.057683207237190746,-0.057183207237190746,Dark,Jack_Dark_Empty
20240920,0.0005,0.13205865332671762,-0.13155865332671762,Dark,Jack_Dark_Empty
20240927,0.012884534252977625,0.019915765156575102,-0.0070312309035974775,Range,Jack_Range_Reversion
20240930,0.0005,-0.03683379324930908,0.03733379324930908,Dark,Jack_Dark_Empty
20241011,0.0005,0.024675129229055185,-0.024175129229055185,Dark,Jack_Dark_Empty
20241018,0.0005,0.05230286516166299,-0.05180286516166299,Dark,Jack_Dark_Empty
20241025,0.0005,0.010268797783839928,-0.009768797783839928,Dark,Jack_Dark_Empty
20241101,0.0005,0.06719404893129961,-0.06669404893129961,Dark,Jack_Dark_Empty
20241108,0.0005,-0.033785061041872705,0.034285061041872705,Dark,Jack_Dark_Empty
20241115,0.0005,-0.006711392760780815,0.007211392760780816,Dark,Jack_Dark_Empty
20241122,0.0005,0.03262726699737092,-0.03212726699737092,Dark,Jack_Dark_Empty
20241129,0.0005,0.03175582296953951,-0.03125582296953951,Dark,Jack_Dark_Empty
20241206,0.0005,0.01322178605258098,-0.01272178605258098,Dark,Jack_Dark_Empty
20241213,0.0005,-0.026403308139056808,0.02690330813905681,Dark,Jack_Dark_Empty
20241220,0.0005,-0.01851029032860757,0.01901029032860757,Dark,Jack_Dark_Empty
20241227,0.0,-0.07515182718352548,0.07515182718352548,Range,Jack_Range_Reversion_Risk_Stop
20250103,0.0005,-0.013423214407563494,0.013923214407563495,Dark,Jack_Dark_Empty
20250110,0.0005,0.04358962987848948,-0.04308962987848948,Dark,Jack_Dark_Empty
20250117,0.0005,0.0033660698864809817,-0.0028660698864809817,Dark,Jack_Dark_Empty
20250124,0.0005,0.04079193808809042,-0.040291938088090416,Dark,Jack_Dark_Empty
20250127,0.0005,0.04315633079923007,-0.04265633079923007,Dark,Jack_Dark_Empty
20250207,0.0005,0.013678725265178283,-0.013178725265178283,Dark,Jack_Dark_Empty
20250214,0.0005,0.011519274380537393,-0.011019274380537392,Dark,Jack_Dark_Empty
20250221,-0.012097967410154307,-0.0107713015448898,-0.001326665865264507,Range,Jack_Range_Reversion
20250228,-0.03299820883495742,0.020999805155294312,-0.053998013990251725,Bull,Jack_Bull_Momentum
20250307,0.0005,0.024403063318822665,-0.023903063318822665,Dark,Jack_Dark_Empty
20250314,-0.015577218751133888,-0.005581163022771967,-0.009996055728361921,Range,Jack_Range_Reversion
20250321,-0.007288595799341511,-0.01783838510883806,0.010549789309496547,Range,Jack_Range_Reversion
20250328,0.0005,-0.08701821885542771,0.08751821885542771,Dark,Jack_Dark_Empty
20250403,0.0005,-0.0512201483823841,0.0517201483823841,Dark,Jack_Dark_Empty
20250411,0.02027366996508935,0.01155837563122047,0.00871529433386888,Range,Jack_Range_Reversion
20250418,0.0005,0.019395200949145982,-0.01889520094914598,Dark,Jack_Dark_Empty
20250425,0.0005,0.02635488329775674,-0.025854883297756738,Dark,Jack_Dark_Empty
20250430,0.0005,0.039604274819883815,-0.039104274819883815,Dark,Jack_Dark_Empty
20250509,0.0005,0.01041362709250261,-0.00991362709250261,Dark,Jack_Dark_Empty
20250516,0.0005,-0.004592198830934343,0.005092198830934343,Dark,Jack_Dark_Empty
20250523,-0.012782837653421971,0.010346190233121838,-0.023129027886543807,Range,Jack_Range_Reversion
20250530,0.0005,0.027490059407590448,-0.026990059407590448,Dark,Jack_Dark_Empty
20250606,0.0005,-0.0045311637882364765,0.005031163788236476,Dark,Jack_Dark_Empty
20250613,-0.003985856725755164,-0.019809281568394788,0.015823424842639624,Range,Jack_Range_Reversion
20250620,0.0005,0.041197955801774135,-0.040697955801774134,Dark,Jack_Dark_Empty
20250627,0.010041070886524908,0.013110472450501382,-0.0030694015639764743,Range,Jack_Range_Reversion
20250704,0.003152026143347156,0.02392921258567904,-0.020777186442331882,Range,Jack_Range_Reversion
20250711,0.0005,0.008624420599724712,-0.008124420599724711,Dark,Jack_Dark_Empty
20250718,0.027587514379189295,0.025393666093608387,0.002193848285580908,Bull,Jack_Bull_Momentum
20250725,-0.015940628504462227,-0.011580713517588642,-0.004359914986873586,Bull,Jack_Bull_Momentum
20250801,-0.0438385606773116,0.026687722286469116,-0.07052628296378072,Bull,Jack_Bull_Momentum
20250808,0.008653437249288968,0.017042985453202913,-0.008389548203913945,Range,Jack_Range_Reversion
20250815,0.05953385504667019,0.028569456002355196,0.030964399044314996,Bull,Jack_Bull_Momentum
20250822,-0.036056796447479986,-0.004305883824609983,-0.031750912622870005,Bull,Jack_Bull_Momentum
20250829,-0.07397836914781333,-0.006791753716371064,-0.06718661543144228,Bull,Jack_Bull_Momentum
20250905,0.08405787149342656,0.019784379472046018,0.06427349202138054,Bull,Jack_Bull_Momentum
20250912,-0.02934183169236699,-0.0060628355496017096,-0.02327899614276528,Range,Jack_Range_Reversion
20250919,-0.011211201662707258,-0.008389940339441574,-0.0028212613232656836,Range,Jack_Range_Reversion
20250926,0.016266317117916866,0.021069205712098846,-0.00480288859418198,Range,Jack_Range_Reversion
20250930,0.0223205847311045,0.017230530201029923,0.005090054530074578,Range,Jack_Range_Reversion
20251010,0.005198549491852525,-0.022648595631386475,0.027847145123239,Range,Jack_Range_Reversion
20251017,0.045278160720672186,0.025407406130146158,0.01987075459052603,Range,Jack_Range_Reversion
20251024,0.0005,0.007347838017520328,-0.006847838017520327,Dark,Jack_Dark_Empty
20251031,-0.006704643778815942,0.016598805307466914,-0.023303449086282856,Range,Jack_Range_Reversion
20251107,0.02302916580318032,0.012959512604518055,0.010069653198662267,Range,Jack_Range_Reversion
20251114,0.0,-0.06353365522579008,0.06353365522579008,Range,Jack_Range_Reversion_Risk_Stop
20251121,-0.023909059961223385,0.030167694582135834,-0.05407675454335922,Bull,Jack_Bull_Momentum
20251128,0.0005,0.003955919400470531,-0.0034559194004705313,Dark,Jack_Dark_Empty
20251205,-0.03211981950705103,-0.01288186185986669,-0.019237957647184337,Range,Jack_Range_Reversion
20251212,-0.01817712956343554,0.008751432618447418,-0.02692856218188296,Range,Jack_Range_Reversion
20251219,0.0005,0.02264400823385404,-0.02214400823385404,Bear,Jack_Bear_Empty
20251226,0.028912336618769897,0.02754705078054054,0.0013652858382293583,Range,Jack_Range_Reversion
20251231,0.03201890669449838,0.05804131040417031,-0.026022403709671925,Range,Jack_Range_Reversion
20260109,0.011310262401675378,0.012389808931731916,-0.0010795465300565375,Range,Jack_Range_Reversion
20260116,-0.014851366584683966,0.03641717242345924,-0.0512685390081432,Bull,Jack_Bull_Momentum
20260123,-0.028477032405093968,-0.027572611262583577,-0.0009044211425103914,Bull,Jack_Bull_Momentum
20260130,-0.03656624468973672,-0.004204353118425532,-0.03236189157131118,Bull,Jack_Bull_Momentum
20260206,0.023245502850287484,0.008766776731293412,0.014478726118994072,Bull,Jack_Bull_Momentum
20260213,-0.004461808882182847,0.017376918529880995,-0.021838727412063844,Range,Jack_Range_Reversion
20260227,0.0005,-0.027603780742770548,0.02810378074277055,Dark,Jack_Dark_Empty
20260306,-0.014995467804325077,-0.007531084715154048,-0.007464383089171029,Range,Jack_Range_Reversion
20260313,0.0,-0.05413339989575704,0.05413339989575704,Range,Jack_Range_Reversion_Risk_Stop
20260320,0.0005,-0.0015499311415287092,0.0020499311415287094,Dark,Jack_Dark_Empty
20260327,0.0005,-0.03035848136874349,0.03085848136874349,Dark,Jack_Dark_Empty
20260403,0.0005,0.05294945591227078,-0.05244945591227078,Dark,Jack_Dark_Empty
20260410,0.0005,0.02633936976862735,-0.02583936976862735,Dark,Jack_Dark_Empty
20260417,0.0005,-0.0058584325784874795,0.006358432578487479,Dark,Jack_Dark_Empty
20260424,0.0005,0.02967055674082244,-0.02917055674082244,Dark,Jack_Dark_Empty
20260430,-0.028710642631193613,0.039276962150224005,-0.06798760478141762,Range,Jack_Range_Reversion
20260508,-0.026720833252892057,-0.013321386815899006,-0.013399446436993052,Range,Jack_Range_Reversion
20260515,-0.046130910857746565,-0.008844727574183935,-0.03728618328356263,Bull,Jack_Bull_Momentum
20260522,0.0005,-0.04716200569478523,0.04766200569478523,Dark,Jack_Dark_Empty
20260529,-0.012135016570608611,-0.00728184829246675,-0.004853168278141861,Range,Jack_Range_Reversion
20260605,0.0005,-0.02602236473629023,0.02652236473629023,Dark,Jack_Dark_Empty
20260612,0.0005,0.02941096802888972,-0.02891096802888972,Bear,Jack_Bear_Empty
20260618,0.0005,-0.04296464225832374,0.04346464225832374,Dark,Jack_Dark_Empty
20260626,0.0005,0.03647424020690672,-0.03597424020690672,Bear,Jack_Bear_Empty
20260702,0.0005,-0.03653711144233727,0.03703711144233727,Dark,Jack_Dark_Empty
